<?xml version="1.0"?>
<ruleset name="LightMVCTest coding standard">
    <description>LightMVCTest coding standard</description>

    <!-- display progress -->
    <arg value="p"/>
    <arg name="colors"/>

    <!-- inherit rules from: -->
    <rule ref="PSR2">
        <exclude name="PSR1.Files.SideEffects" />
        <!-- <exclude name="PSR1.Classes.ClassDeclaration" /> -->
        <!-- <exclude name="Squiz.Classes.ValidClassName" /> -->
        <!-- <exclude name="PSR2.Methods.MethodDeclaration" /> -->
        <!-- <exclude name="PSR2.Classes.PropertyDeclaration" /> -->
    </rule>

    <rule ref="Squiz.WhiteSpace.SuperfluousWhitespace">
        <properties>
            <property name="ignoreBlankLines" value="false"/>
        </properties>
    </rule>

    <!-- Lines can be 200 chars long and never show errors -->
    <rule ref="Generic.Files.LineLength">
        <properties>
            <property name="lineLimit" value="200"/>
            <property name="absoluteLineLimit" value="0"/>
        </properties>
    </rule>

    <!-- Allow long array syntax (PHP 5.3) -->
    <!-- <rule ref="Generic.Arrays.DisallowLongArraySyntax.Found"> -->
    <!--    <severity>0</severity> -->
    <!-- </rule> -->

    <!-- Paths to check -->
    <file>.</file>

    <!-- Paths and files to ignore -->
    <exclude-pattern>*/cache/*</exclude-pattern>
    <exclude-pattern>*/data/*</exclude-pattern>
    <exclude-pattern>*/lib/*</exclude-pattern>
    <exclude-pattern>*/logs/*</exclude-pattern>
    <exclude-pattern>*/templates_c/*</exclude-pattern>
    <exclude-pattern>*/public/css/*</exclude-pattern>
    <exclude-pattern>*/public/js/*</exclude-pattern>
    <exclude-pattern>*/public/fonts/*</exclude-pattern>
    <exclude-pattern>*/vendor/*</exclude-pattern>
</ruleset>
